INSERT INTO docentes (nome, nucleoId, dataNucleo, dataInf) VALUES
('Plínio de Sá Leitão Júnior', '2.1', '2022-12-01', '2000-10-01'),
('Reinaldo de Souza Júnior', '2.1', '2021-08-01', '1987-12-01'),
('Fábio Nogueira de Lucena', '2.1', '2024-01-01', '1991-12-01'),
('Taciana Novo Kudo', '2.1', '2016-03-01', '1990-02-01'),
('Renata Dutra Braga', '2.1', '2002-08-01', '1978-12-01'),
('Ana Claudia Bastos Loureiro Monção', '2.1', '2011-04-01', '1994-12-01'),
('Sofia Larissa da Costa Paiva', '2.1', '2023-08-01', '1996-12-01'),
('Leonardo Andrade Ribeiro', '2.1', '2017-08-01', '1998-12-01'),
('Jacson Rodrigues Barbosa', '2.1', '2021-02-01', '1993-02-01'),
('Renato Bulcão', '2.1', '2021-03-01', '1993-04-01'),
('Eliomar Araújo de Lima', '2.1', '2021-05-01', '1999-12-01'),
('Evellin Cardoso', '2.1', '2016-08-01', '1991-07-01'),
('William Divino Ferreira', '2.1', '2017-12-01', '1987-09-01'),
('Rubens de Castro Pereira', '2.1', '2018-08-01', '2003-02-01'),
('Edison Andrade Martins Morais', '2.1', '2021-01-01', '1993-01-01'),
('Adailton Ferreira de Araújo', '2.1', '2023-12-01', '1993-09-01'),
('Hugo Nascimento', '2.1', '2022-12-01', '1993-12-01'),
('Leonardo Antonio Alves', '2.1', '2023-11-01', '1993-12-01'),
('Juliano Lopes de Oliveira', '2.1', '2022-12-01', '1990-01-01'),
('Alessandro Cruvinel Machado de Araújo', '2.1', '2022-12-01', '2000-12-01');

INSERT INTO disciplinas (cod_disc, nucleoId) VALUES
('INF0291', '2.2'),
('INF0292', '2.1'),
('INF0287', '2.1'),
('INF0018', '2.1'),
('INF0283', '2.2'),
('INF0294', '2.1'),
('INF0056', '2.1'),
('INF0299', '2.2'),
('INF0285', '2.1'),
('INF0293', '2.1'),
('INF0300', '2.1'),
('INF0284', '2.2'),
('INF0288', '2.1');

INSERT INTO interesses_docentes (idProfessor, interesse_disciplina) VALUES
(6, 3),
(6, 5),
(6, 8),
(1, 1),
(1, 7),
(2, 1),
(2, 7),
(3, 1),
(4, 2),
(4, 10),
(5, 2),
(7, 3),
(7, 4),
(7, 5),
(7, 8),
(8, 3),
(9, 4),
(10, 5),
(10, 8),
(11, 6),
(12, 6),
(13, 9),
(13, 11),
(14, 9),
(15, 10),
(16, 11),
(17, 12),
(18, 12),
(19, 13),
(20, 13);

INSERT INTO historicos (ano, codDisc, idProfessor) VALUES
(2020, 'INF0287', 8),
(2020, 'INF0018', 7),
(2020, 'INF0283', 6),
(2020, 'INF0291', 3),
(2020, 'INF0294', 2),
(2020, 'INF0056', 3),
(2020, 'INF0299', 7),
(2020, 'INF0285', 13),
(2020, 'INF0300', 3),
(2020, 'INF0284', 13),
(2020, 'INF0288', 16),
(2020, 'INF0292', 18),
(2020, 'INF0293', 15),

(2021, 'INF0287', 7),
(2021, 'INF0018', 7),
(2021, 'INF0283', 6),
(2021, 'INF0291', 11),
(2021, 'INF0294', 11),
(2021, 'INF0056', 1),
(2021, 'INF0299', 10),
(2021, 'INF0285', 13),
(2021, 'INF0300', 13),
(2021, 'INF0284', 16),
(2021, 'INF0288', 18),
(2021, 'INF0292', 18),
(2021, 'INF0293', 4),

(2022, 'INF0287', 6),
(2022, 'INF0018', 9),
(2022, 'INF0283', 10),
(2022, 'INF0291', 11),
(2022, 'INF0294', 11),
(2022, 'INF0056', 1),
(2022, 'INF0299', 10),
(2022, 'INF0285', 13),
(2022, 'INF0300', 13),
(2022, 'INF0284', 16),
(2022, 'INF0288', 18),
(2022, 'INF0292', 18),
(2022, 'INF0293', 4),

(2023, 'INF0287', 6),
(2023, 'INF0018', 9),
(2023, 'INF0283', 10),
(2023, 'INF0291', 3),
(2023, 'INF0294', 11),
(2023, 'INF0056', 1),
(2023, 'INF0299', 10),
(2023, 'INF0285', 13),
(2023, 'INF0300', 13),
(2023, 'INF0284', 16),
(2023, 'INF0288', 18),
(2023, 'INF0292', 4),
(2023, 'INF0293', 4);
